epoch,accuracy,learning_rate,loss,val_accuracy,val_loss
10,0.9041149020195007,9.999999747378752e-06,1.1371573209762573,0.9166666865348816,0.7088534832000732
11,0.9231366515159607,9.999999747378752e-06,1.0031425952911377,0.89673912525177,0.7671051621437073
12,0.9270186424255371,9.999999747378752e-06,0.9047403931617737,0.8894927501678467,0.7949076294898987
13,0.9320651888847351,4.999999873689376e-06,0.8544098138809204,0.8894927501678467,0.8118229508399963
14,0.9437111616134644,4.999999873689376e-06,0.8202785849571228,0.8913043737411499,0.8096475005149841
15,0.9452639818191528,2.499999936844688e-06,0.8124247193336487,0.8894927501678467,0.8084335327148438
